comment_phase,turn_id,speaker,role,timestamp,start_time,end_time,text,n_segments,name,stakeholder
Comment 1,144,SPEAKER_04,NA,02:43:50,9830,9961,"Good evening. My name is Beth Robinson, and I'm here to speak against this ordinance. I have lived on these streets not once, but multiple times. I know what it's like to face long, cold, dark nights with nowhere safe to go. Those nights were terrifying. And I can tell you I would have never been able to rebuild my life back had I been cited, fined, or jailed simply for trying to survive. So I ask you directly, will this city also cite and fine the yuppies, the wealthy, for spreading out a blanket at a park, for laying down at a festival, for resting their head in public within city limits, or does this only apply to our unhoused neighbors? Even Charlottesville's staff have admitted there are not enough beds or shelter for everyone, yet this ordinance would punish people outside living outside while offering minimal safe, dignified alternatives without even designated camping areas, just punishment. Back in August of 2024, residents and advocates made it clear. We denounced the lock-em-up rhetoric. We asked for solutions rooted in dignity, not criminalization. Yet here we are debating whether survival should be treated as a crime. And make no mistake, even if the base violation is low level, it can quickly escalate. Citations turn into unpaid fines, fines into warrants, and warrants into arrest and criminal records. And once someone has that record, it causes it to nearly be impossible to get housing or a job. It traps people in the very cycle you claim you want to end. The unhoused are not strangers. They are our neighbors, and most don't even have access to basic sanitation, let alone a bed. Criminalization will not fix that. All it does is deepen suffering and punish people further from stability. You simply cannot punish people out of poverty and you cannot legislate away human need. I implore you to choose empathy. Thank you.",25,Beth Robinson,public
Comment 1,146,Juandiego Wade,"Mayor, City Council",02:49:19,10159,10159,Thank you.,1,Juandiego Wade,council
Comment 1,147,Jeff Fogel,NA,02:49:30,10170,10292,"I guess I can move this, right? Instead of sitting on her lap. Yeah, you can move it out, sir. Good idea. Thank you, and good evening. When I first heard about the ordinance to criminalize the homeless, I was shocked, followed by absolute fury that continues to this day that you would even discuss, even discuss an issue of making people who were suffering from a lack of shelter into criminals. It's disgusting. The city attorney has relied on a decision by the Supreme Court of the right wing of the Supreme Court. Is that where we stand? Donald Trump has asked all the cities to prohibit sleeping and camping. Are we with Donald Trump? We don't even know who this came from. It was just dropped on the agenda. There was no community engagement, as has usually been required, because there was absolutely none. Nobody was talked to, not the service providers, not the people who have cared about this issue. It is absolutely and completely infuriating, outrageous, unconscionable, and inhuman for you to even consider an ordinance like this as any kind of solution to the problem we face here in Charlottesville. You have gotten the solutions. You know the solutions. They range from what the service providers are urging you to do, set aside an area of the city where people can camp out. And they range to what we should be doing, which is building housing. Building housing because the solution to homelessness is housing, not the criminal law. And to characterize everybody in this community who's unsheltered as a criminal is disgusting. And I'm hoping that any one of you who has, we don't know who proposed this. Is any one of you willing, have the courage to stand up and say, I propose this. Let's see if you have that courage. Because if you do vote for this, we're going to be laser focused on your inhumanity. Thank you.",28,Jeff Fogel,public
Comment 1,148,Don Gathers,NA,02:51:45,10305,10515,"Good evening. I always love following Mr. Foale because it's my intent to speak on the same thing. Well, Councillor, City Manager Saunders, Chief, I urge each of you to please reconsider this coming proposal to attack the homeless here in town. No one, and I repeat no one, that is living on the streets aligned at night and doorways is there because they want to be. Their life circumstances have driven them to this point. This proposed ordinance only deepens their plight. Though on the books or in accordance with statute, it is a low-level offense. Can we honestly say how long or how many offenses will occur before a capias is issued for their arrest? An ultimate incarceration stuffed into a jail and a system that is already designed not for rehabilitation but for punitive measures. a system in a locality more concerned about expanding the numbers of prison cells than we are with keeping people out of jail. This appears to in some ways rival the actions taken by the dictating furor in DC. The homeless population here and elsewhere don't need a boot to the face or a knee on the neck. They need a hand up from a city rich in resources. The homeless population deserves more from its leaders than simply spending a night out on a grassy lawn claiming to try to grasp what it is like to be homeless, knowing full well that they would be going home to their safe homes the next day. That was a slap in the face. It truly was. It was gaslighting at its best. We have a solution sitting right here on the mall. that hideous condemned building, the Dewberry Hotel. If we're really sincere about trying to solve this problem, do what this city has done in the past, claiming under eminent domain, which we've done right here in this area anyway. No, but we want to solve the homeless problem and stop throwing useless words at it. So I leave you with this. The righteous will answer him, Lord, when did we see you hungry and feed you or thirsty and give you something to drink? When did we see you a stranger and invite you in or needing clothes and clothes you? When did we see you sick or in prison and go to visit you? The king will reply, truly, I tell you, whatever you did for one of the least of these brothers and sisters of mine, You did for me. Then he will say to those on his left, apart from me, you who are cursed into the eternal fire, prepare for the devil and his angels. For I was hungry and you gave me nothing to eat. I was thirsty and you gave me nothing to drink. I was a stranger and you did not invite me in. I needed clothes and you did not clothe me. I was sick and in prison and you did not look after me. They will also answer, Lord, when did we see you hungry or thirsty for a stranger or needing clothes or sick or in prison and did not help you? He will reply, truly, I tell you, whatever you did not do for one of the least of these, you did not do for me. Do the right thing, please.",36,Don Gathers,public
Comment 1,149,Juandiego Wade,"Mayor, City Council",02:55:16,10516,10516,Thank you.,1,Juandiego Wade,council
Comment 1,150,SPEAKER_32,NA,02:55:18,10518,10523,The next speaker is Anna Marlowe. Anna Naylor.,2,unidentified staff/clerk,police_staff
Comment 1,151,SPEAKER_08,NA,02:55:32,10532,10700,"Hi. I'm tired. I'm really, really tired. I have spent almost every waking moment fighting fascism since this administration started. There are fascists in every branch of the federal government. There are fascists trying to control our universities. When I read that an ordinance would be brought up to council today, I thought to myself, oh great, fascist in Charlottesville. Haven't we done this before? Usually, I would give you a set of statistics or figures or data that would prove why this ordinance would do literally nothing to improve the problem of homelessness in our city. But I simply don't want to, because I'm tired of being a human computer to prove that marginalized people deserve respect. So let me speak freely. You will inevitably hear from a bunch of white people who work at six-figure desk jobs or people who own houses on Rugby Road, who say they volunteer at the Haven when they probably just donated clothes there once, who may have former addicts in their family, who will weaponize every story in the book to justify their hatred and vitriol of people they deem undesirables. But I say to those people, there is no justification. You will not cleanse your soul with the anecdotes of how one time, A person in psychosis who was slowly dying of malnutrition didn't want your leftover sandwich. Because if you've never had to know the inhumanity of begging for water in a world where it flows freely, you've never been woken out of a two hour sleep at two in the morning by a police officer clicking a flashlight in front of your face and yelling at you to move from a public park that you're staying in. If you've never had to put precious family belongings in a black garbage bag or fake being a Christian to gain access to a 90 day 100 square foot room with a lock, you'll never know what it's like. You'll hear from a person who bought this ordinance who I'm not allowed to say what I want to say about him because of city council laws. That person will claim that he just wants what's best for the community. He will use the correct terms like houselessness and will probably name drop a bunch of people and organizations to justify his ordinance. He will say it's not criminalizing because it's only a class 4 misdemeanor. But a misdemeanor is a misdemeanor. He will talk about open drug use even though there's no safe injection site or a 60 mile radius. There's not even a public sharps disposal on the entire downtown mall. Why? But if you want to bring an ordinance to displace members of this community who have no less right to live on this land than any of us, you to me are no different than the fascists in the White House. Because Grant's past is a fascist playbook. It's the legal justification to discard the people who do nothing for white supremacistism who will discard them. So I won't be a human computer. All I can do is appeal to the council's sense of morality. When you lay your head down on the pillow at night and you close your eyes, will you sleep peacefully, knowing you didn't vote for this, or will the spirits of all that you have deemed unworthy pull at the fabric of your soul?",31,NA,public
Comment 1,152,SPEAKER_32,NA,02:58:38,10718,10726,"Thank you. Iris Newman. No, I'm sorry. Isis. Isis Newman. Isis Newman.",6,unidentified staff/clerk,police_staff
Comment 1,153,SPEAKER_07,NA,02:58:56,10736,10922,"Hi, my name is Joshua Ballew. I moved to Charlottesville in 2017. I've been homeless ever since. I couch surfed for a while, worked the whole time I was living under a UVA bridge for a year. I worked six days a week. Poverty doesn't always mean homeless, you know. Some people are homeless by choice. Some people are homeless because of circumstance. Some get that way just because they didn't feel like taking the next step to actually get themselves out of it. And in none of those ways is it ever okay. I started out when I came here being one of the most caring, helpful people that even I knew. and it has taken its toll on me after seven years of being out on the street. But I've met some of the best people that I've ever met out there, the people with hearts. I've watched the community grow and take care of themselves. Some of them are drug users, some of them are mental, some are just like the people in this room. Some of them have day jobs. You never know if they were sleeping on a sidewalk at night. Not once when I was living under that bridge did anyone know that didn't know me know that I was living under a bridge, including the pastor of my church and my boss who actually dropped me off there twice. He didn't know I was living under the bridge because it was right next to Hampton Inn. As far as this goes, I was under this particular bridge that they kick people out from under on pantiles. When that happened, because I went there looking for my brother. He's a little brother, not blood, but he's been that way since I moved to Charlottesville. I ended up staying because I liked the people there and I wanted to do something to help. And so we became a community. When they first flooded the bridge under there for no apparent reason because it didn't rain enough to show cause for it, everybody lost a lot of stuff and they ended up having to move all their clutter really quick up to the front of the bridge. It never did get put back in order because we never got a complaint. When they were on the back side of the bridge and I was sleeping up on the sidewalk, they sat there and tried their best. and we were told that when we moved out from under the bridge that it would be okay to be along the trail as long as everybody kept things nice. So far every other camp but mine, and I did it on purpose, every other camp but mine looks nice, it's clean, organized. They've been keeping up with it.",30,Joshua Ballew,public
Comment 1,154,Juandiego Wade,"Mayor, City Council",03:02:04,10924,10924,Thank you.,1,Juandiego Wade,council
Comment 1,155,SPEAKER_07,NA,03:02:06,10926,10938,"And I'd just like to say that For this to move forwards, I'm going to be there every step of the way fighting against it. Thank you, sir. And my friends will be too. Thank you.",5,Joshua Ballew,public
Comment 1,156,SPEAKER_32,NA,03:02:19,10939,10939,The next speaker is Jennifer Kelly.,1,unidentified staff/clerk,police_staff
Comment 1,158,SPEAKER_32,NA,03:05:38,11138,11138,The next speaker is Wendy Gio.,1,unidentified staff/clerk,police_staff
Comment 1,159,Juandiego Wade,"Mayor, City Council",03:05:45,11145,11156,The next speaker is Wendy Gail. Wendy Gail. I'm that lady.,3,Juandiego Wade,council
Comment 1,160,SPEAKER_05,NA,03:06:00,11160,11160,I'll be sharing my time tonight.,1,Wendy (surname not given),public
Comment 1,161,Juandiego Wade,"Mayor, City Council",03:06:01,11161,11161,Thank you.,1,Juandiego Wade,council
Comment 1,162,Joy Johnson,NA,03:06:08,11168,11334,"Good evening. My name is Joy Johnson. I am an advocate for public housing. I am wearing three hats tonight, public housing resident, Legal Aid Justice Center, and for Public Housing Association of Residents. I am here tonight to ask you or to inform you that we are against West Haven residents and the 10th and Page neighborhood. We're against that monstrous building that is being proposed, a 12-story building that's being proposed to be built on West Main Street. And the developer or the engineer, whoever they are, basically said to the DAR that they had engagement with the residents. Well, this started in April. We didn't see them until June. when they came to West Haven to tell us what they were going to do. Well, most of you know that you don't tell public housing residents what you're going to do. You work with them to say, here is what we would like to do. And basically what he did, what they did, was just basically saying, OK, here's what it is. This is what we do in all these monstrous cities. We decided that, OK. We don't like it and you should not have met with West Haven separated from 10th and Page because West Haven is part of 10th and Page. Let me move on. I am so upset this evening because here it is, you have a developer wanting to build a 12-story building with student housing where you have homeless people who doesn't have anywhere to go and we're not thinking about building affordable housing or even SROs that can help folks. I don't have time to read everything that I'm saying right here, but I remember this came up when Mayor Walker was on council. and she basically told, y'all basically said council at that time, no. And most of this is being driven by the Downtown Business Association, tourism, and privileged white people who does not want to see people with less privilege amongst them. You said, council said no then. I'm asking council tonight to all say no now. Thank you.",25,Joy Johnson,public
Comment 1,163,Juandiego Wade,"Mayor, City Council",03:08:55,11335,11346,"Thank you. So that was the last of the register to speak. I'm just going to get one person from over here, Jessica.",3,Juandiego Wade,council
Comment 1,164,SPEAKER_34,NA,03:09:16,11356,11551,"Jessica Jackson, property owner of Charlottesville. Before I start, I just want to say I came here very hopeful that everyone here would be listening and actually paying attention. But it's been very sad for me to sit there and watch one of the city leaders on his telephone and reading his notes when, just out of common courtesy, we should be listening to people. So I would just ask all of the officials Please pay attention and please don't get on your phone and when you speak tonight I guarantee you I will not be on my phone and I will not be reading notes. I read the article from Charlottesville about this proposal and there's some questions that I think the city council should require Chief Kochi to provide very clear fact-based answers to. The first question is why? Why do you want to abandon the law and the core value of our country that has governed our country for many years that a person is innocent until proven guilty? The Charlottesville newspaper states that priority was given to sites where criminal activity is believed to take place. So it does not have to be a fact that criminal activity is occurring, but simply a belief that criminal activity is going on. So someone can call and say, I believe there's criminal activity on the site, and someone will be removed and their items confiscated. So that's the first question. Why do you want to abandon one of the core values of our country that we all are innocent until proven guilty? Two, the biggest question is where? This audience would ban people from sleeping and storing their possessions on public property. Where does Chief Kochis recommend that the people who are taken away, where are they supposed to move? That has to be a definitive plan for where the people will go or will they be just told to leave? When the snow is on the ground or it's pouring buckets of rain, where are they supposed to go? The plan for the people who are homeless, is it just to remove them? Is it jail? Or is it just to get them to a less visible site? And my third question is why? Why do you want this amendment enacted now? And I know y'all aren't voting tonight, but it's just so disheartening to think that we would criminalize the poor, take their possessions, call it a crime to be poor. And I believe that it's much more important for our city to work on providing adequate housing. It's time for our city to stop letting big businesses and the University of Virginia buy up large amounts of land and just perpetuate poverty and inadequate housing, not only for the poor, the middle class, and the homeless. Thank you, Ms.",29,Jessica Jackson,public
Comment 1,165,SPEAKER_36,NA,03:12:32,11552,11552,Jackson.,1,unidentified,unknown
Comment 1,166,SPEAKER_14,NA,03:12:47,11567,11605,"Good evening, Mr. Mayor and City Council. My name is Christopher Hall. I've been displaced and homeless for the past ten years. When I was in Charlottesville before, it was a different environment ten years ago. Now I understand there is all this unrest going on because people are discriminating against us. They're afraid of everything going on. They see, you know, I worked in recovery. I was a peer support specialist. I have worked in the field. We also go through our own walks, but right now this ordinance, it's appeasement. It's appeasement of the current administration and it's appalling.",11,Christopher Hall,public
Comment 1,167,SPEAKER_32,NA,03:13:30,11610,11610,Thank you.,1,unidentified staff/clerk,police_staff
Comment 1,168,SPEAKER_09,NA,03:13:45,11625,11650,"Hi, my name is Greer Akenbach. I am Executive Director of Friends of Charlottesville Downtown. I am here to speak in favor of the ordinance on camping and storage on city property. Friends of Charlottesville downtown is by nature not a political organization. Our mission is to stimulate social and economic vitality, which puts me in the very unenviable position tonight to speak on behalf.",5,Greer Akenbach,business
Comment 1,169,Juandiego Wade,"Mayor, City Council",03:14:22,11662,11662,We're listening.,1,Juandiego Wade,council
Comment 1,170,SPEAKER_22,NA,03:14:24,11664,11664,Look at this brave woman here.,1,unidentified frequent commenter,public
Comment 1,171,SPEAKER_09,NA,03:14:28,11668,11825,"I represent many visitors and business owners who are afraid to speak in favor of this ordinance for fear they will be misrepresented in a way that affects their businesses and their families. We have a serious problem on the downtown mall and the lack of ordinances is leading to a decrease in visitors and business activity. We agree with Mr. Vogel that there should be a designated camping area in the city until we can provide enough shelter beds, but it should not be in our business district. The city has invested millions of dollars into the downtown mall and seen a return on that investment tenfold in the form of tax revenue. You have a fiduciary responsibility to protect the tax base that funds vital social programs. The downtown mall is one of our community's most valued public spaces. It serves as a destination for residents, families, and tourists alike, as well as a vital lifeline for the small businesses that line it. Unfortunately, you win visitors. When visitors encounter encampments and cluttered belongings, aggressive panhandling, the atmosphere of the mall is diminished. This perception not only discourages tourism and local engagement, but threatens the long-term vitality of the businesses that rely on that foot traffic. Case in point, Alkazam Toy Store, an iconic business on the mall that has been here for 19 years, is now closing its doors. The owner cited a 35% decline in sales, attributing much of it to families no longer feeling comfortable bringing their children home. San Francisco is a cautionary example of what happens when cities delay action. Despite years of efforts and hundreds of millions of dollars spent towards programs and homeless shelters, their crisis only worsened. until ordinance were put in place, Charlottesville is now at a similar crossroads. We understand that there is a small contingent of vocal people who feel that these ordinances are considered lacking conscience. But this is a dangerous position to take. A thriving city in a downtown mall benefits the entire city culturally, socially, and economically. Thank you for your time.",19,Greer Akenbach,business
Comment 1,172,Juandiego Wade,"Mayor, City Council",03:17:09,11829,11843,"John, John, John, have a seat. Arthur Long, please, sir. John, please sit down. All right. John, John, John, thank you.",5,Juandiego Wade,council
Comment 1,173,SPEAKER_25,NA,03:17:28,11848,12007,"So my name is Reverend Dr. Arthur Long Jr. from the First Baptist Church downtown. Can you speak up, please, sir? from First Baptist Church downtown, Charlottesville. And I'd like to first of all say upon my arrival to Charlottesville, I visited downtown mall with my family. The reason why the businesses are small and they're struggling is not because of the homelessness. It's because of the price point. When a person cannot afford to purchase goods at a reasonable cost, The businesses diminish. That's number one. Secondly, you gotta realize is this, homelessness is here for a reason because we've neglected the needs of these people. So instead of looking at the need of a person, social, economical, mental illness, or even substance abuse, if you can't meet these needs, you're gonna always have this problem. When we're looking at one another, everybody in this room is dressed to what they have. But when you actually look at it, some of us in this room, even listen to me talk right now, are one paycheck away from homelessness, one paycheck away from poor. I come from a big city. And the reason why I'm here talking about this is because homelessness strikes hard to me. I've dealt with homelessness in Newark, New Jersey, even in Jersey City. You can shake your head how you want to, my friend. I dealt with this to a certain extent with taking people who have mental conditions to rehabs and drug facilities where they can get help, not just taking them or sending them, taking them by the hand, walking them to their destination and partner with them along the way. You can't force this only on churches. This is a community effort. And if it's going to work, the chief got to reevaluate his circumstances here because it doesn't work this way. Because when you look at it, you're saying, first of all, it'd be a misdemeanor offense. How many of these misdemeanor offenses is it going to take before it actually becomes punishable? And then you look at it from another perspective that says you approved a budget for a jail renovation. Was this the back story to say, well, listen, we renovated the jail so we could put homeless people there? So when you think about it, think about all the dynamics of it, and it just shocks me that after Trump signs this thing into law, now we're meeting about it tonight. Thank you.",28,Rev. Dr. Arthur Long Jr.,public
Comment 1,174,SPEAKER_19,NA,03:20:21,12021,12198,"Good evening, Alex Joyner. I'm co-chair of Impact Charlottesville, which incorporates 27 different faith communities in Charlottesville and Albemarle. I'm a resident of the county and pastor of Charlottesville First United Methodist Church in downtown Charlottesville, and I'm here to speak to this proposed ordinance on camping and storage. From the number of people who've spoken and signed up tonight, it's clear that we live in a community that recognizes homelessness is a major issue and it wants to see it addressed with respect for the individuals affected. The congregation that I serve, along with a lot of partners in this city, has a long history to serve the immediate needs but also to advocate for more housing and for more affordable housing, which is the only long-term solution to this. We're founding members of Pacham, which houses over 50 people a night through the cold weather months. With our downtown partners, we have a feeding ministry that serves roughly 160 free lunches every day. Through Impact, we've pushed the city to dedicate $10 million a year to affordable housing each of the last four years. and we're investing in affordable housing for IDD individuals at 501 Cherry Avenue. Each of these efforts gives us the chance to develop relationships and to know those on the streets and partners who serve the same population. As I read this ordinance, I'm glad to see language that refers to, quote, a compassionate and empathetic approach that ensures our unhorsed, I'm sure that means unhoused, neighbors are treated with dignity and respect. I'm also glad to see the accompanying protocol which encourages, quote, a team approach connecting city staff with nonprofit partners and ensuring a consistent, fair response. I saw this in October of 23 when our congregation, along with other congregations in the area, hosted a community meeting with City Manager Sanders and Chief Kochis to discuss ways to address the rising needs we were all seeing. and I applaud the city for considering serious steps towards providing more alternatives for shelter housing including a year-round overnight shelter. But those plans are not in place and my question is what new thing will be put in place through this ordinance to provide hope for those with no home? The briefing summary says the city has no intent to criminalize homelessness but what happens to individuals who are displaced when the alternative structures that we need are not there? There's a movement in this country that we've referred to that would use force first as a way to sweep homelessness out of the public eye. I'm grateful that this has not been the approach in our city, and I hope we will make our language a reality and see This ordinance in the light of a whole approach to this very real problem. In other words, that we will consider it in the light of the people that we see every day who struggle to keep going and who are each one made in the image of God. Thank you.",21,Alex Joyner,public
Comment 1,175,SPEAKER_32,NA,03:23:19,12199,12199,Thank you. Is anyone over here to speak?,2,unidentified staff/clerk,police_staff
Comment 1,176,Juandiego Wade,"Mayor, City Council",03:23:29,12209,12210,The gentleman in the back. I'll come back over here.,2,Juandiego Wade,council
Comment 1,177,SPEAKER_13,NA,03:23:36,12216,12411,"Sir in the back with the... Hello, my name is Jordan McNish and I live at 1226 Rockfish River Road. I had a statement, I still have it, but I just wanted to comment on some things that I heard I heard Jeff Fogel talk about the idea of a designated camping area, and I think that's a great idea. I also heard the woman from, I believe it was Friends of Charlottesville, mention the same thing and also support this ordinance. And while I think that's an interesting thing to pursue, this ordinance has nothing to do with that. This ordinance doesn't just protect businesses a little bit or do a little trimming around the edges. It makes being homeless totally fucking illegal, like anywhere. You can't sleep anywhere. I'll just go through my statements, probably. I don't have time for it all. I've lived in this area the majority of my life. I began to experience periodic homelessness when I ran away at 16. The cold nights when I unexpectedly had to sleep outside were the worst because it'd be cold and I had no gear. So if the sun would come up, I'd be grateful to at least go to the park for a couple hours and lay in the sun and relative safety because no drunk person is going to come and kick me or something. It's a great time to be homeless in the day compared to cold at night. More recently, I'm 37 now, in 2020 I lost my housing when I went through a breakup and I camped in the Woolen Mills neighborhood for about two months. I was working full time still, well I was recovering from an injury so it was part time going back into full time. You know I got to have visitation with my kids and I was able to get my stuff back together and get into an apartment or I rented a room and that was great and I couldn't have done all that like if I had to just rely on a shelter I mean you know I'd see my kid until seven you have to be at the only and you know I'm so glad we have the shelter you have to be in at a certain time there's like bars to entry and stuff and the camping area or multiple areas or even not passing this awful ordinance allows people a little bit of autonomy which can help them get it together. I do support shelters. We need many, many more beds. We need as much as we can do. We need the lowest bar to entry that we can possibly achieve. This is some crazy dystopian crap, this ordinance. There's no tolerance here. Aren't you guys all Democrats? Aren't you supposed to give a shit? I also wonder, I see this was brought by the chief of police, like I also wonder if like once they get rid of homeless people if they're gonna kick nimby yuppies out when they're sleeping on their blankets in the park after a picnic. That's all.",29,Jordan McNish,public
Comment 1,178,Juandiego Wade,"Mayor, City Council",03:26:52,12412,12412,Thank you.,1,Juandiego Wade,council
Comment 1,179,SPEAKER_02,NA,03:27:00,12420,12463,"Hi, my name is Dr. Jean Catherine Gray and I'm speaking as a business owner. I want to know why we are not putting our energy, our creativity, our ability to endeavor and make something new and apply it as a whole on the downtown mall to this problem. Why on earth would businesses get together and try to make it illegal to live instead of getting together and saying, we have an incredible resource in our community. Why don't we decide that we want to transform the feeling on the downtown mall by walking out to meet our homeless neighbors, by making sure they have the resources they need, by creating places where they can sleep safely. Businesses should be working together to improve our community, not tear it down.",6,Dr. Jean Catherine Gray,business
Comment 1,180,SPEAKER_29,NA,03:28:05,12485,12658,"Hello, I'm Shayla Washington. I'm the executive director of the Blue Ridge Area Coalition for the Homeless, or BRAC. I've had the honor of serving in this position for almost two years. Prior to that, I worked at The Haven for five years. I served on the Pochin Board of Directors for six years, worked for the city of Charlottesville during the pandemic, serving many of our community members with financial aid and emotional support during a very unprecedented time. But before all of that, I actually experienced homelessness here in the city of Charlottesville. And there were times when I would wake up in my car, which I was blessed to have, and there'd be police headlights trained on my car and I would wake up thinking, oh my God, am I going to get arrested because I'm homeless, because I don't have a place to live? Meanwhile, I should have been thinking, is somebody going to break into my car or even worse, rape me? This is the unfortunate reality of so many people who are unhoused, right? And there's so many human beings in our homeless system of care, not only here, but across the country who are going through the same exact predicament. So I come to you tonight, not only as the ED of a homeless coalition, but as also as a city resident and concerned community member about this particular ordinance that you're trying to pass. I've been on the other side of this trauma and I've made it through, but not everybody is as lucky as me. This is not the time to be adhering to draconian Trump-like policies on some of our most vulnerable community members. Yes, we have Salvation Army, but many people can't stay there due to a number of reasons, lack of beds, lack of mobility to climb into an upper bunk. And yes, some people do abuse drugs and alcohol, but if you were going through the trauma of homelessness, wouldn't you do that too? Handing out class four misdemeanors to people who have no designated place to lay their head at night is cruel and inhumane. BRAC and the Continuum of Care are requesting the following Delay voting on the addition of Section 17-30 to the Charlottesville City Code until discussions regarding our community's proposed year-round low-barrier shelter develop into a more tangible reality In the interim, designate up to three city-owned spaces for people experiencing homelessness to officially be permitted to camp These camping spaces can come equipped with security detail for not only the unhoused residents, but people who are concerned for their safety in the community. Each site should be accessible to a Charlottesville area transit stop and have a maximum allowable number of residents for ease of management. Each site will be regularly visited by outreach workers and CPD monitoring. And also participate in a working group so we can work on this issue altogether. Comprised of city leadership, Charlottesville Police Department, homeless services providers like BRAC, The Haven, Salvation Army, Pacham, and those who are invested in creating workable solutions for unhoused population. It's important to note that this conversation should not be happening without talking about affordable housing at the end of it. We need to create more permanent affordable housing and Charlottesville should not be considered a world-class city unless we're talking about housing for all and not just the people who can help.",25,Shayla Washington,public
Comment 2,328,Juandiego Wade,"Mayor, City Council",04:55:33,17733,17740,The next item on the agenda is the ordinance on camping and storage on city property. Chief Kochis will present this.,2,Juandiego Wade,council
Comment 2,329,SPEAKER_36,NA,04:55:43,17743,17744,Private here. Chief. Chief.,3,unidentified,unknown
Comment 2,330,SPEAKER_43,NA,04:55:54,17754,18399,"Well good evening mayor, members of council, city manager. So as part of our ongoing conversation on the topic of drafting a camping and storage of personal property. I'm here this evening to present the first of two readings of the draft ordinance related to camping and the storage of personal property on city property and in public rights-of-way. This process began on April 3, 2025 during our 221s where I met with each one of you. where we discussed concerns around encampments in public spaces and reviewed examples from other localities, including Roanoke's ordinance focused on its business district. And when we spoke during those 221s, we talked about that ordinance being specific to their business district and the consensus was that if we were going to do such an ordinance, it should probably be more citywide and not just focused on one specific area. and I'll get into more of the timeline in more detail in my presentation. But I want to begin by acknowledging the many emails, phone calls and in-person conversations that both I and I know each of you have received on this issue over the past year or more. The perspective we heard come from all sides and they reflect just how complex, emotional this topic is for our community. The reality is that long-term solutions need to center on housing. I recognize the commitment this council has shown in working towards that goal. And at the same time I've spent many hours over the years meeting with, listening to members of our unhoused community. These are overwhelmingly great people who want the same basic dignity and stability we all do. Many have shared with me that they understand and even welcome reasonable rules. What we often see, however, is that a smaller number of unsafe and hazardous encampments create the greatest challenges and cause harm to others. Tonight, what I am presenting is a legal framework designed to help us respond to those unsafe and hazardous situations with clarity and consistency. We owe it to our unhoused neighbors to ensure their safety just as much as we do for our housed neighbors. We owe it to our business community. We are directly affected by unsafe encampments. And we owe it to our entire city to approach this issue with compassion, fairness, and responsibility. And so with that, we'll start. There we go. The timeline. So this process, like I said, began on April 3, 2025, during my 221s with each of you, where concerns about these encampments and their impact on quality of life were raised. Since then, or at that time, I was instructed to begin the process of drafting an ordinance. And just to be clear, there is a lot of conversation around the executive order that came out in July. And I will agree, that's not helpful, as are most executive orders we're seeing these days. I'll digress when we talk about these executive orders. Once we were instructed to begin that process of drafting that ordinance, we developed an internal working group. That working group consisted of members of the city attorney's office, the commonwealth attorney's office, the deputy city manager for social equity, human services, and the police department. And then we met During 221s on July 31st and August 1st, I updated each of you on the draft ordinance and it was placed on the agenda for tonight. Just to be clear, this ordinance does not replace our housing goals. I think this council has been very clear on that. It exists alongside our housing initiatives. and ultimately housing is the solution. The ordinance simply is about safety and health measures that we consistently see around specifically large encampments. I think it's important to know the difference between the ordinance and the SOP, the standard operating procedures. The standing operating procedures lays out how we operate within that ordinance. That's important. Priority will be given to immediate hazards or obstructions. So in the SOP, if there is an immediate hazard or obstruction, an advance notice is not required. The removal should happen within 24 hours. If people are present, notification of law enforcement and outreach staff should happen. We should post notice if possible and then remove and store personal property. We will then photograph and document the site along with what was removed. So how we report and inspect these encampments. Any encampment shall be reported to the deputy city manager for social equity. The site will be logged and assigned to a designated city personnel for inspection. Nonprofit partners may assist with outreach during this inspection. And if safety is a concern, law enforcement may attend those inspections. And then the designated city personnel must also verify whether the encampment is on city property. So, like I said, prioritizing sites First and foremost, safety risks. Traffic slopes fire. Free bridge is a good example. The gentleman that was speaking here earlier, and I've heard this from other folks who were staying under the bridge, actually asked me at one point if there could be an alarm put on the dam so when they open it to release water or release pressure, they could warn them. Because when they did that, the water rose so quickly it would wash them or their belongings away. It was a clear danger. Stuff like that would be a priority. Obviously, reports of criminal activity would be investigated. trash and health issues, site conditions or complaints, and then interference with scheduled city work. For instance, we're looking at hiring a group called Block by Block, where they go down the mall, almost like ambassadors, and clean the mall. The challenge with that, if there are folks who are on the mall with a lot of belongings, we have no legal framework for them to move. They're just going to be cleaning around all their belongings and stuff and the camera lights that are there. And then obviously the size and environmental damage that would be done would also be a consideration. If the site's not an immediate hazard, so we would post a 10 business day notice with the date of the posting and scheduled removal, warning that trash and hazards will be discarded, how to claim stored property, Notice that unclaimed property may be destroyed after 60 days and contact info for service providers. We would post this in multiple locations so the folks would know that we were coming back and they had 10 days to move their stuff. We would also provide oral notice if possible, hopefully finding the person that was staying there and letting them know in person. And then if the removal is delayed, we would post that notice as well. Outreach. So we would arrange at least one outreach visit between posting notice and cleanup. And then outreach staff should be present during that cleanup when possible. Free Bridge was another good example. Our nonprofit partners were out there for weeks prior to us going out there doing tremendous work, working with the folks who were underneath there to try to get them the services. Please, let them present. OK, so cleanup and resolution. So law enforcement may be present if needed during a cleanup. We will give a final warning before removing people or items. We'll separate personal property from trash. Weapons should be reported to law enforcement. Contaminated personal property may be discarded. And store property is described in Section 11. And then we will clean the site and consider deterrence to prevent return of camping in the area. And then we'll document the cleanup with notes and photographs. So the storage of personal property. So we'll store property unless it's hazard or ruin. We'll keep records identifying where these items are and we'll dispose of any unclaimed items after 60 days and it should be noted currently what we do, if folks want to store their items, which many do when they have a lot of stuff, we have a container, the city has a container near the Salvation Army that we will store their items, tag it, and they can come to the police department at any time when they want to get it and we'll go out and retrieve it for them. We've been doing that for a little over a year. Returning property. So we would meet with individuals who want to claim restored property. No ID is required unless there's some type of dispute over ownership. And then we'll release the property unless someone else claims it and then contact the city attorney. And the storage is free just like it is now. There's no charge for storing anything. Mr. Hall, please. All right, so what this ordinance does and what it doesn't do, and what it does not do. So this does not stop homelessness, clearly. It prohibits camping. What it does do, it prohibits camping and storage of personal property and public rights away. You could go through these and see, but there's a few things I want to hit on this. The class four misdemeanor. So I spoke with Jill Potena, our elected Commonwealth attorney, about what happens if someone doesn't pay a fine. Is there a KPIS issued? Could a warrant be issued? His response was, no. A class 4 misdemeanor, a KPIS will be issued. But what would happen is those fines could gain interest. And that could be a problem, obviously, if somebody wanted to pay it back. But KPISs and warrants are not issued for unpaid fines.",113,Chief Michael Kochis,police_staff
Comment 2,331,SPEAKER_22,NA,05:06:42,18402,18402,How about if it happens from here?,1,unidentified frequent commenter,public
Comment 2,332,SPEAKER_43,NA,05:06:44,18404,18452,"John, let me stop. The other piece I wanted to bring up as well, and Councilor Oschrin, you had asked this during our, the April 3rd, I'm sorry, the August 1st meeting when we met on this, about what happens when a Class IV misdemeanor prevents somebody from getting a housing voucher in the City of Charlottesville, like through CRHA or something like that. I talked to John Sales about that, and he said no, it would not. So Council, as you consider this very difficult topic, there's pros and cons to it. And ultimately, you will listen to the community, listen to all the stakeholders involved in this, and make your decision, whatever that may be. I wanted to just lay these out to you. And with that, I'll take any questions.",7,Chief Michael Kochis,police_staff
Comment 2,333,Brian Pinkston,"Vice Mayor, City Council",05:07:35,18455,18459,"Could you go back, please? Could you go back one screen for me?",2,Brian Pinkston,council
Comment 2,335,SPEAKER_26,NA,05:07:55,18475,18475,"Okay, thank you.",1,NA,police_staff
Comment 2,336,Juandiego Wade,"Mayor, City Council",05:08:20,18500,18502,"So, Michael, I'll start with you. Do you have any questions or comments?",2,Juandiego Wade,council
Comment 2,337,Michael Payne,"Member, City Council",05:08:27,18507,18568,"Yes. I mean, one of the questions when I look at the enabling state legislation that's referenced in the policy brief, this is based on a number of state laws. One is, I'm trying to find the direct language to quote it. Upon the giving of such person of his written promise to appear at such time and place, the officer shall forthwith release him from custody. However, if any such person shall fail or refuse to discontinue the unlawful act, the officer may proceed according to the provisions of 19-2 slash 82 to arrest the individual. In addition, in another one of the enabling state legislative ordinances, Class 4 misdemeanors are carved out explicitly that a judge can still order for someone to be arrested. In addition, that $250 fine can apply for every single day.",7,Michael Payne,council
Comment 2,338,SPEAKER_43,NA,05:09:35,18575,18582,"The fines definitely can accrue. And to your point about Failing to discontinue unlawful act, that's correct. They would be brought before a magistrate, where a magistrate would issue a magistrate summons, typically.",4,Chief Michael Kochis,police_staff
Comment 2,339,Michael Payne,"Member, City Council",05:09:50,18590,18590,"Right. So I guess reading that enabling state legislation, it would be accurate to say, based on the discretion of an officer, someone still could be arrested.",2,Michael Payne,council
Comment 2,340,SPEAKER_43,NA,05:10:01,18601,18613,"Only if they discontinue the unlawful act. If they don't. Correct. So I'll give you an example, if it's helpful. So if an officer goes and says, OK, this is in Cameron, falls within the ordinance, need to move, and they just simply refuse to do so, they then could be arrested and taken in front of a magistrate, and a magistrate summons would then be issued.",5,Chief Michael Kochis,police_staff
Comment 2,341,Michael Payne,"Member, City Council",05:10:29,18629,18664,"Right. I hear that, but it's easy to see how a foreseeable circumstance could happen where someone does end up arrested. Someone just refuses to leave encampment. The other element with the $250 fines accruing each day someone has been doing that act, and I believe at least in the state enabling legislation, it could even go retroactively if you were able to provide documented proof that someone was there for, say, a month. There's no limit on the total amount. How does this work in practice in terms of discretion of officers, in terms of deciding how many days or the size of the fine?",6,Michael Payne,council
Comment 2,342,SPEAKER_43,NA,05:11:11,18671,18674,So the officers don't decide the size of the fine. That would be decided by a judge.,2,Chief Michael Kochis,police_staff
Comment 2,343,Michael Payne,"Member, City Council",05:11:22,18682,18749,"The other question is, we've received some legal analyses that Obviously Grants Pass Supreme Court decision strongly limited Eighth Amendment rights for homeless individuals, but there's still concerns around seizure of property without due process, disparate impact in terms of how an ordinance is applied that Grants Pass does not address, in addition You know, I wonder if there's equal protection issues when in the standard operating procedures we're saying that we're going to apply the ordinance differently to different populations of people. All of which is to say, I mean, the city has lost very high profile cases around homelessness issues on constitutional grounds in the past. To me, it seems like this I mean, has there been any analysis of how this withholds constitutional muster? And I would imagine we will be met with a lawsuit.",7,Michael Payne,council
Comment 2,344,SPEAKER_43,NA,05:12:32,18752,18760,"So I think that gives me an opportunity to answer the one question from the crowd earlier. So, and I've spoken to the city attorney, so the city attorney's office wrote this ordinance. They could probably answer the question as to the constitutionality of this better than I could.",3,Chief Michael Kochis,police_staff
Comment 2,345,Brian Pinkston,"Vice Mayor, City Council",05:12:44,18764,18766,Whose idea was it? The city attorney?,2,Brian Pinkston,council
Comment 2,346,SPEAKER_33,NA,05:12:48,18768,18802,"So anytime we get asked to draft an ordinance, we do so. And that is what we did in this case. We wrote an ordinance that we do feel would pass constitutional muster. John. Given that it, talking to me here to him. I mean this John. Grants pass is not, is, you know, it dealt with a very specific case coming out of the ninth circuit and it is binding law. We're talking about city property, and our ability to regulate city property is broad and wide. And that is what we are doing here with this ordinance. I'm not speaking to the policy decision as yours, but as to the constitutionality of it, we have done our very best in our office to draft an ordinance that accords with the council's goals and the request coming from the police department.",10,NA,police_staff
Comment 2,347,Jeff Fogel,NA,05:13:36,18816,18819,So who asked for this ordinance? It's a simple question. Nobody wants to answer.,3,Jeff Fogel,public
Comment 2,348,Juandiego Wade,"Mayor, City Council",05:13:41,18821,18821,"Michael, do you have any other questions?",1,Juandiego Wade,council
Comment 2,349,SPEAKER_32,NA,05:13:43,18823,18823,"Did you stay up and say, I thought this was a good idea.",1,unidentified staff/clerk,police_staff
Comment 2,350,Juandiego Wade,"Mayor, City Council",05:13:47,18827,18827,"Mr. Fogel, please.",1,Juandiego Wade,council
Comment 2,351,Jeff Fogel,NA,05:13:48,18828,18828,"The city attorney says, it is for law enforcement.",1,Jeff Fogel,public
Comment 2,352,Juandiego Wade,"Mayor, City Council",05:13:50,18830,18833,"Please don't. Please, gentlemen. Please, gentlemen.",3,Juandiego Wade,council
Comment 2,353,Jeff Fogel,NA,05:13:54,18834,18838,Why won't you answer the very simple question that everybody wants to know? Who proposed this abomination?,2,Jeff Fogel,public
Comment 2,354,Natalie Oschrin,"Member, City Council",05:14:02,18842,18858,"We appreciate community input. We have to run this meeting by a Robert's Rules of Order. But there will be a public comment period at the end of our discussion. And it would be helpful if we could have our chance to ask questions first, even though we absolutely hear you. One of you asked the question?",5,Natalie Oschrin,council
Comment 2,355,Juandiego Wade,"Mayor, City Council",05:14:20,18860,18862,"Yeah. Michael, you finish your questions and comments?",2,Juandiego Wade,council
Comment 2,356,Michael Payne,"Member, City Council",05:14:27,18867,18901,"I mean, the other issue, which is obvious, This is beyond your purview. I guess it's more of a comment or really a question. But the obvious issue is, the de facto strategy of the city at this point is, When there is an encampment and we start to get emails of a complaint about it, you all end up- We are called. You are called. And we respond. And you respond. With no legal order. And that's not your choice. You are not jumping up and down to say, I want to do that. We are not.",12,Michael Payne,council
Comment 2,357,SPEAKER_28,NA,05:15:02,18902,18902,But you-,1,Ziona Bryant,public
Comment 2,358,Michael Payne,"Member, City Council",05:15:07,18907,18969,"The de facto strategy of the city at this point is encampments are there when we get, once there's enough emails that there's a vague sense that it's an issue, you all end up getting called out there, you ask people to leave, they go to a different location. The process repeats again. And I just don't, how does this change that situation? I mean, it adds a layer of, potential criminalization on top of it but like I just but I know that's beyond your because I mean the fundamental issues we can go out there with social services providers but there's no permanent supportive housing or overnight shelter to direct them to and you've acknowledged that you know that I'm just struggling to see how this plays out beyond just people end up dispersing into woods in the urban ring. Or people will still make the decision like, you ask me to move and there's a threat of criminalization, sure I'll do it. I mean, they're going to end up somewhere else until they get home. I mean, what's the practical effect of this in terms of changing where our status quo is right now?",9,Michael Payne,council
Comment 2,359,SPEAKER_43,NA,05:16:17,18977,19021,"I know that's far beyond just... Yeah, I mean, and we've spoken about this with all of us. I'm not sure it's a good answer, sir. It really isn't. And look, this doesn't solve the issue. I will tell you that there's not a meeting or conversation I have with my boss, the city manager, that this isn't something we talk about. Whether it be trying to find a low barrier shelter or You know, trying to find places for people to go that are safer than under a bridge where the water rises quickly. I mean, this is a complex issue. This is one piece of it. But again, that's why that last slide is pros and cons of it. And at the end of the day, it's this body's decision.",11,Chief Michael Kochis,police_staff
Comment 2,360,SPEAKER_22,NA,05:17:04,19024,19026,This man cannot tell a lie. John.,2,unidentified frequent commenter,public
Comment 2,362,SPEAKER_43,NA,05:17:07,19027,19027,John. John.,2,Chief Michael Kochis,police_staff
Comment 2,363,Michael Payne,"Member, City Council",05:17:18,19038,19127,"And to answer the community's question, at the end of the day, the buck stops with city council in terms of where things come from. When the city manager presented his original plan for homelessness, part of it was this as a possible policy. And the decision at that time was, we will not explore this until a permanent year-round shelter actually exists. And I think enough of council had a change in perspective that that order of operations should change. So that's where we ended up. But I think that's important to say this is not some unilateral decision from the chief. Nor is it a unilateral decision from the city manager or the city attorney. But to that core point, where I still really, really struggle with is we've had a viable plan to get to a low barrier year-round shelter that has not materialized for a variety of reasons. That's what we need. I mean, even if this is in place, people will still just move to other areas that will become visible. And I'm not sure what we end up accomplishing passing this before a permanent shelter exists, just at the practical level. And people are going to gravitate towards where services are, where they can walk to community, where they can get food. I mean, even, I don't know.",14,Michael Payne,council
Comment 2,364,Jeff Fogel,NA,05:18:50,19130,19130,"That's correct, sir.",1,Jeff Fogel,public
Comment 2,365,Juandiego Wade,"Mayor, City Council",05:18:56,19136,19136,"Natalie, do you have anything to add?",1,Juandiego Wade,council
Comment 2,366,Natalie Oschrin,"Member, City Council",05:18:58,19138,19151,"Thanks, Michael, for your questions. It covered some of the same bases that I had. I have some thoughts and some questions. One of my questions is what discussions were had with the local homeless services providers about the creation of the ordinance and the likely outcome of what it would look like?",4,Natalie Oschrin,council
Comment 2,367,SPEAKER_43,NA,05:19:26,19166,19195,"So I personally didn't, well it was a group, it was a work group that put this ordinance together. I will tell you that Ms. Washington, the email that she sent, I believe that she sent it today to us about adding other steps to this work group as between the first reading and the second reading. to work and talk through this. I love that idea, and I think we should do just that. But quick answer to your question, there were none. I will say that these conversations with our nonprofit providers, from what I understand, with our deputy city manager for social equity, speaks with them often on this topic.",7,Chief Michael Kochis,police_staff
Comment 2,368,Natalie Oschrin,"Member, City Council",05:20:08,19208,19208,"Okay, but not a direct work group on this topic?",1,Natalie Oschrin,council
Comment 2,369,SPEAKER_43,NA,05:20:10,19210,19210,There has not been a direct work group with our nonprofits about this.,1,Chief Michael Kochis,police_staff
Comment 2,370,Natalie Oschrin,"Member, City Council",05:20:15,19215,19233,"Okay, and we don't currently have, we have our deputy city manager of social equity. I wasn't sure if we were still using equity. But we don't have, we have open positions for homelessness outreach coordinators and that sort of thing. We don't have anyone in those roles yet.",4,Natalie Oschrin,council
Comment 2,371,SPEAKER_43,NA,05:20:35,19235,19235,That's my understanding.,1,Chief Michael Kochis,police_staff
Comment 2,372,Natalie Oschrin,"Member, City Council",05:20:42,19242,19281,"One of the claims that's made in the policy briefing is the number of homelessness and problems surrounding that haven't increased lately. But we got info recently, and I couldn't remember if this was at the retreat or a regular meeting that, and I also can't quite remember the year, if it was 2007 or 2017. It counts. Yeah, the PIC count was, and I know PIC count- That was going to two, two ones I believe. Okay, PIC count data and our ability to acquire that changes slightly, but roughly it had gone from 260 people to 240. It was close, but it was slightly lower now than what it had been at the previous data point.",6,Natalie Oschrin,council
Comment 2,373,SPEAKER_26,NA,05:21:25,19285,19285,That was a reference from the community well-being report that was issued by UVA just recently.,1,NA,police_staff
Comment 2,374,Natalie Oschrin,"Member, City Council",05:21:30,19290,19443,"Yes, so that to me shows that It's maintained lately. So the timing of it all, to echo Michael's point, is that we don't have anywhere for people to go yet. And that is something that we've been working on. I know we've been in conversations with the homeless services providers about that and the community a lot lately. And it is hard to come up with that solution. It's a lot of people who all mean well. There's a lot of factors that make it hard to make a decision there. At the council retreat, we all kind of said, we're ready to do something. I'm not quite certain that this ordinance was the something because it is still putting that cart before the horse. When Grants Pass came out, we had a conversation up here about how that's not the city that we want to be. And so using that as a basis for an ordinance now, a year later, it's not the right basis for something like this. It doesn't address the problems, and it doesn't address the reality of the folks still need to go somewhere. We had some great emails about the legality of it. We've had a lot of folks expressing concerns about the pleasantness of their walks around. We've had folks expressing concerns about the health and safety of these, the folks who are living in encampments, all of which are are valid to those individual people. But I am concerned about the timing of this. I'm concerned about the latitude in clause C and how this will be applied. Ordinances should have A certain amount of discretion, but this feels like a big discretion. The clause C says nothing herein shall be construed to limit the discretion of city personnel to engage in outreach or other non-enforcement actions in lieu of citation or arrest. So what are the incentives there to let people go or to provide? I know there's the SOP in place but there's still That feels like there's a way to not apply this equally across folks who are outside. And so I would recommend that we either deny this or table this until we have a place where we can send people that is meeting the needs, if not of 100% of the folks that are outside, at least a good majority of them.",26,Natalie Oschrin,council
Comment 2,375,Jeff Fogel,NA,05:24:20,19460,19460,Thank you.,1,Jeff Fogel,public
Comment 2,376,Juandiego Wade,"Mayor, City Council",05:24:25,19465,19465,"Lloyd, do you have any?",1,Juandiego Wade,council
Comment 2,377,Lloyd Snook,"Councillor, City Council",05:24:27,19467,19467,"Yeah, let me say, I think we need to understand the limits of what the Grants Pass decision was.",1,Lloyd Snook,council
Comment 3,413,SPEAKER_28,NA,05:46:57,20817,21021,"Good evening, Ziona Bryant, Charlottesville resident. I first just want to say, before I go into my official comments, Jen, thank you for running, because, yeah. Anyway, hopefully it's tabled until Jen gets on. But anyway. I think that today really showed me that the Blue Heart thing, the I love Seville, whatever that was, that the Downtown Business Association did after August 12, 2017 meant nothing. How do we know that? Because the Charlottesville that they love so much doesn't include unhoused people. I mean, I think that's pretty clear. And so, I mean, I could do the whole profound comments about how We should be caring for each other, which there's a place for that, and I feel like everyone has already said that. I'm really saddened by the fact that Mr. Pinkston said, but. He said, community members' voices matter, but the business owners matter, blah, blah, blah. And it's just very clear that there's no room for nuance here. People are picking sides, and unfortunately, there are some counselors who are prioritizing profit over people, and that's very clear. I think it goes without saying that the downtown mall is often dead because we don't need that many trinkets and pottery shops. We need things to do. And I mean that not in a disrespectful manner, but I'm saying that when people go downtown for the Tom Tom Fest, it's because there's actually some entertainment. It's because there's actually something for multicultural folks who are looking for multicultural fun to be able to enjoy something. There are go-go bands. When that happens at Fridays After Five, you see black people. When they're not there, you don't see them. I don't think it's rocket science. So when we talk about the businesses that we're protecting, let's really think about how Black owned businesses are not able to do well on the downtown wall. And that's not new. And people have said that for decades. In fact, it's been said since before I was even born. And so it's just like, I feel like we continue to talk in circles. But the reality is that you guys or someone, whether it was the city manager, no one's going to say that they came up with the idea. So I mean, there's no point in us playing the guessing game. We can kind of assume who had the idea for the whole ordinance to come up. And we can base that off of past things that they've said. But ultimately, the ordinance is a terrible idea. We know that. And it's just very sickening to see how we got back to business as usual. We had so many people in the community begging for civility in these meetings, people not to come and shout or bring signs and protest during the meetings. And as soon as we got back to that business as usual, quiet, quick meetings, things like this happened. Luckily, we had some people who paid attention to make sure that the community came out to speak up tonight. But if we didn't, that ordinance would probably have been approved. So again, thank you, Jen, for running. And I hope to quickly, everyone who supports the unhoused community and supports striking this ordinance, do you mind standing if you're able? It's always good to see the support in the room. And now we know who's on what side. Thank you.",44,Ziona Bryant,public
Comment 3,414,Juandiego Wade,"Mayor, City Council",05:50:25,21025,21028,"No. No, I'm sorry. I'm Wendy. I'm sorry.",4,Juandiego Wade,council
Comment 3,415,Rosia Parker,NA,05:50:39,21039,21225,"Good afternoon. Well, good evening, good night, because it's been a long time that we've been in here. But my name is Rosia Parker. And y'all claim that, thank you, Mike, Thank you, Ms. Oschrin. I appreciate that y'all have common sense and y'all understand what is really needed. I really appreciate that. But being a mother, being homeless for five years with children, coming to Charlottesville, putting my kids in foster care, foster care loses the paperwork. That's not a happy feeling when you have to fight for your children to get them back. When you're carrying everything that you own on your back. A bag here and there. You gotta carry everything with you. There's no way that you can leave them. I understand 60 days. They're discarded after not being claimed. Where do y'all expect the people to put their belongings if they're already being pushed away from sleeping on the streets? Like Mike said, this has been a decade, if not longer. I was homeless 20 years ago. I've been here in Charlottesville 20 years. The LV Collective, that big 12-story building that y'all putting up there that y'all allowing UVA to come in, make them pay taxes. And not the property taxes, because people that gotta pay property taxes, that's a short way of being homeless too. So, I mean, I understand that these things are needed, but like I say, 20 years, Charlottesville is far behind. What did y'all think was going to come? Was y'all billing for the future? Y'all got that old man money up in here. Y'all should have been using that money. I mean, that little sleep-in that y'all had down at the Jefferson. Do you know what it's like to sleep in a car? Do you know what it's like to sleep on a sidewalk? Imagine going without food, going without washing your tail, going with mental health, not knowing where you're coming or going. Didn't y'all see them people that slept out there in front of the city hall building at that bus station? For how long did y'all snuff? You walked past them for eight years. Y'all all walked past them. Was y'all blind? Did y'all not see them people laying out there? This is not new. Kochis, I understand. I was out there with you at the park. But still, this is different. This is reality. This is real. And to put the people in jail, half of them during the wintertime commit crime so they can be in jail, just so they can have somewhere to sleep. But y'all got to come together, because it's not about putting them in jail. It's about humanity. It's about life. It's about living. It's about suppressed, oppressed, and depression. Thank you.",50,Rosia Parker,public
Comment 3,416,Juandiego Wade,"Mayor, City Council",05:53:51,21231,21231,Elaine and then the gentleman and then Matthew I see you I'm sorry in the corner over there.,1,Juandiego Wade,council
Comment 3,418,Juandiego Wade,"Mayor, City Council",05:56:59,21419,21432,"Thank you. Matthew Eunick, sir.",2,Juandiego Wade,council
Comment 3,419,SPEAKER_11,NA,05:57:15,21435,21548,"I'm Major Donald Wilson. I'm the new officer at the Salvation Army. I've been here for almost a month now. And I just wanted to share a little bit about the progress of what the Salvation Army is doing at the present time in relation to the need for more shelter in relation to the current situation and what we perceive as the growing situation. Over 40 years ago, the Salvation Army built a shelter with 55 beds. That's the very same shelter we still have. It hasn't changed one bit. We haven't been able to expand it. We haven't been able to modify it. It's just continued to be in use year-round. We continue to use it. We plan to expand our current services to expand at least to over double the capacity we have at the present time. We're making progress with that. But one of the good things is that we've seen in a short period of time is a great cooperative spirit among nonprofits and other agencies working with us to put together a comprehensive plan as quickly as possible, not only to offer a momentary solution, but a long-term solution. And again, we're working together in good faith. We're working together with the hope that we will continue to find support within the community to deal with this issue, the complexity Complexity of homelessness is just beyond one agency or one entity, and we need a community to make a difference in the lives of these individuals, not just for sustaining for the moment, but recuperating these lives for our community. So I just want to let you know that we're going to continue to work the best we can with what we have, and we're willing to work with all those who are interested in achieving the same goal of bringing people back from that state of instability to stability and hope. Thank you.",21,Major Donald Wilson,public
Comment 3,420,SPEAKER_24,NA,05:59:24,21564,21750,"Good evening. My name is Matthew Gilliken. I live in Fightville. I'm one of the co-chairs of Liveable Seaville. I don't have my fastball now at 955 in the evening, but I want to say a few things. First of all, the way that this proposal came about was incredibly disrespectful to our community. This was a holiday weekend. I spent probably 15 hours this weekend working on this. I had to do a Zoom call with someone who works in the homelessness services area. who was on vacation with their family so that I could understand their perspective on this issue. And it was interesting to find out that I spent more time learning from local homeless and service providers what their perspective was on this ordinance than the city had done at all. That's not how we should be doing things around here. We should be going to the experts who are first and foremost the people experiencing homelessness. We should go to the local service providers and learn and listen. This is not a community, as you know, that lacks for ideas about how to solve problems. So in the future, let's try to be respectful of the community when we're trying to solve our heart problems by not dropping a total change in the city's approach to addressing homelessness on a holiday weekend. You wouldn't have people being quite as snippy with you tonight if we had been given a little more respect, okay? Secondly, I just want to make sure it's on the record that the only entity or person that voted in favor of this ordinance tonight was the Friends of Downtown. It was everyone else against, even the five of you. And I want to specifically mention a claim that was made that those of us who are here, even though we filled up a room, are a vocal minority in this town. And we're just kind of rabble-rousing and creating a fuss when there's actually this silent majority that really wants to criminalize homelessness, but in a nice way, but criminalize homelessness in Charlottesville. That this is a thing that That crowd, it's a small crowd, says, claiming that there are a lot of people that feel differently about this issue. That they're actually okay with pushing homeless people off the downtown mall. That group, that entity, those people, they don't actually apparently participate in the political process at all. They don't show up at any meetings to speak during public comment. They apparently don't vote in elections either to get candidates into office that will enable their policies. But somehow they somehow have a a little way of sticking in the brains of certain elected officials. They're like, well, I gotta really consider those folks. It's like five rich guys who paid someone to come speak for them. That's not who we should be listening to. Obviously, we need a thriving business community, but they do not have solutions to this issue. They haven't for decades. They keep doing the same old thing. It's time for something different. One last thing, campground talk, I think I'm interested in that in some ways. There was a campground two years ago that you all shut down in Market Street Park. You didn't want a campground. The same folks here, we said, keep the campground going. And you said, no, the business community's upset. So I'm just saying, just reminding us of our past. OK, thank you all. Thank you.",44,Matthew Gilliken,public
Comment 3,421,SPEAKER_51,NA,06:02:41,21761,21786,I had no plans to speak tonight until just a few minutes ago. I've heard a lot of talk this evening about demolition of buildings in our town. I've heard talk about communities that you've gone to that don't want shelters in their communities and also that the businesses of our downtown district are the ones who are pushing to get the homeless people off the street. Why are we not thinking about putting the shelter in the business district where these people can have access to things they need on a daily basis?,5,unidentified,public
Comment 3,422,Juandiego Wade,"Mayor, City Council",06:03:14,21794,21794,Thank you.,1,Juandiego Wade,council
Comment 3,423,SPEAKER_40,NA,06:03:21,21801,21996,"So I'd like to make a particular point that I think hasn't been brought up too often yet, but will stay relevant. Because a couple of y'all have mentioned the idea that perhaps, oh, sorry, right, Mo Van De Sompel, 608 Cabell Avenue. This idea that once we sort of have a place to push them, that this could still be like a good idea to be able to do something like this. And I kind of want to make a particular point on that. There's this famous quote that I'm sure you have all heard at some point, that the law in its majestic equality forbids both rich and poor alike to sleep under bridges. Bridges. This is, of course, a snarky joke that's getting at the point that even though laws in principle are applied equally, oftentimes they have disproportionate impacts. The thing that is really despicable about this law is that it is not even facially being applied equally. You go and you read this legislation, and it talks about what is defined as a campsite. And so it mentions things like campfires in public areas. The Rivanna Trail has bonfire pits all around it that I see people having campfires in all the time. It talks about the idea of storing public property, and yet I see trailers out on the street everywhere. I see UVA students dumping their couches out on the public rights of way. It talks about campsites, and yet I see every time that there's a game day, I see tents go up all around Charlottesville on our public rights of way in our parking lots, right? All of these are explicitly, and again, I don't say this as like a gotcha on the law because the law does have in it this extra clause that says, oh, if a reasonable person could surmise that the person is living on that property, that's the thing that kind of makes it all there. But that kind of gives the game away, right? Laws are supposed to make acts illegal. things that you do are made illegal by a law but having this extra clause on makes it so that like it doesn't actually matter what the acts are at all because we don't want to harass nice white people that are having their bonfire we just want to be able to like target the specific people of people when they do a thing that we don't like And you know, you have this thing in the summary where you talk about it being like, you know, that the city is committed to not criminalizing homelessness. And that's shown by the fact that we'd only make it a fourth level misdemeanor. But this is blatant doublespeak. I mean, this is just like literally doublespeak. You are making it a crime to do the things that homeless people have to do to exist. So it's just kind of like blatantly wrong. And so the actual effect of this policy will be, as Mr. Payne said, to basically just force people into more and more distant locations where they're not visible, right, into medians on highways where we have some grass set up, unless indeed, eventually, we get this low barrier shelter. At that point we probably will not even have enough beds in that shelter if it ever does get built. And the final thing that I just wanted to point out is that None of the protocols that were linked that the police chief pointed out, which make the whole thing sound a lot more humane, are binding in any way. It's not in the legislation. If an officer ended up breaking that protocol, they would just be able to kind of go away anyway. So at long last, this law is no law. This is just an excuse to ask people. Thank you.",34,Mo Van De Sompel,public
Comment 3,424,Juandiego Wade,"Mayor, City Council",06:06:41,22001,22005,"So before we move back, Ryan, I want to get everyone that hasn't spoken yet. Yes, sir.",2,Juandiego Wade,council
Comment 3,425,SPEAKER_20,NA,06:06:51,22011,22208,"Ralph Braun. I live in Crozet. I live in Crozet because I was evicted in Charlottesville. Hello? John, please, sir. Hello? Oh, I thought I'd see the clock running down. I'd like to thank everyone who's spoken against the ordinance. I agree with all those comments. I'd like to point out a few things if this comes back from the dead. paid attention to next time. One of them is, I would categorize it as candor, accountability, and humanity. Candor, no one is happy with this process. I'd have to guess as to why the process went the way it was. I hear about the two-to-ones. I've heard about those before. Why those were utilized, I would have to guess, is one of the reasons two-to-ones exist as a loophole in Virginia FOIA, in the Virginia Freedom of Information Act. and I'd have to guess that's probably the reason the two to ones were used in this particular case instead of a more normal planning process, but I don't know that. The phrasing of the ordinance lacks candor. It lacks candor as to what the purpose is. You had the woman in the zebra dress earlier talking all about the downtown mall. The words downtown or mall appear nowhere in the ordinance. Instead it lists a whole bunch of types of camping and things. I know people live downtown. They move around a lot. that I don't see people with fires and permanent tents downtown. It lists a whole bunch of things that don't apply downtown at all. So what is it going after? Is it about downtown? Is it about somewhere else? I suspect the reason this was not raised on the topic of candor is that that would then allow all of us to ask questions about the specific issue instead of just pawning it off to the police and the prosecutors. I'll note regarding the ordinances or the state statutes that Mr. Payne brought up earlier, 15.2-2018, most Class 4 misdemeanors aren't jailable unless the person refuses to discontinue the act. That's accountability that the cops can say anything that You didn't clean your tent up quickly enough, so I'm going to arrest you. You went there when I told you to go there, so I'm going to arrest you. There's a lot of paths to jail with that, but in section 2018, it's actually worse because this is one of the very few places where there is a specific jail possibility for violating a class four misdemeanor. The only other one I could find in the state code was a drunk tank law. What did we learn? I think it's almost conventional wisdom now. Black Lives Matter was some affray. What did we learn? What's one thing we took away from that in the long term is that police as an institution is one of the least accountable in our society. I don't know anyone in this room, but I know there are officers on the force who've lied on warrants. There are probably officers on the force who've lied in court. You're asking every bad apple to abide by, as the guy said, a completely non-binding policy to avoid people going to jail. So I don't know what the policy was intended to solve, and I don't know how the ordinances written lines up with how it was claimed you want it to be implemented.",46,Ralph Braun,public
Comment 3,426,Juandiego Wade,"Mayor, City Council",06:10:19,22219,22230,"Thank you. Who else would like to speak? Jessica, you spoke once, so we'll get you on it next time. You're next, John, OK?",4,Juandiego Wade,council
Comment 3,427,SPEAKER_35,NA,06:10:33,22233,22342,"Good evening. Matt Seaton, pastor at Wesley Memorial here in Charlottesville. Our congregation is a member of IMPACT, which is part of 27 or 26 other faith communities here in Charlottesville and in Albemarle County. Wow, I had to change my temper after the decision. And so what I'm going to say is I think there is some gratitude that in this moment, this abomination isn't going to move forward. So I am grateful for that decision. I'm in this place because of Jesus. I follow Jesus. What I have learned from Jesus is that all of the laws and the prophets in the Old Testament are summed up in two things. Perhaps you remember from Sunday school. Love of God and love of neighbor. That means that law is only just so long as it is rooted in love. And so I want to speak to you as God's beloved, though maybe perhaps my enemies at times still God's beloved. When you entertain such things in the future, ask yourself, is this rooted in love and therefore God's justice for our neighbors? I've already heard a sermon tonight about whatever you do to the least of these you have done to me. That is straight from my man, Jesus. When you think about our unhoused neighbors, ask yourself, would you do this to Christ if he were here tonight? And that is all I have to say. Thank you. Thank you. Mr. Hall.",22,Matt Seaton,public
Comment 3,428,SPEAKER_22,NA,06:12:35,22355,22532,"So what's the point of all this, folks? What we need is needed innovation in political science here. Maybe we need needed innovation and a solution to the problem. We look back at our history and our common ground, our common ground of how we are formed as people, largely as English people, I think part of the problem here is that you've got to consider population. When we were formed, when we had in 1787, when we birthed our Constitution in the United States by James Madison Committee, what did we have? Well, everybody said, Mr. Ben Franklin, what do we have? A republic, if you can keep it, is his answer. And what is the solution to this? I think about Valley Forge and Fort Necessity and Ticonderoga, some of those places that George Washington, fording the Delaware, you know, things like that. Those guys froze to death during the winter when winters were severe. But they all had tents to biv, biv, biv, biv, biv, biv, bivwack in. A marine barracks, for example, is a bivouac, you know, a way of, you know, maybe I'm spending a lot of money here, you know, but I know that there are some churches that will give you free tents, for example. If we go to our parks, like Forest Hills Parks, Penn Park, McIntyre Park, some of the larger parks in town, and have the police, kind of police, and do a beat, and have some tents that were issued. I think the city council could afford a few tents and also a pilates mat for each tent. So if you have the tents on concrete or an asphalt parkway, no, I don't mean that. Parking lot is what I mean. I had to kick back. I mean, I've been burning the candle at three different ends. And I went to Los Angeles. I wanted to see where the moral tone of this country and entertainment. We all love to be couch potatoes and talk and argue and fuss and fight and everything. Because we mirror what we see on TV and all our football games and everything, we think, oh, yeah, I'm going to be a champion athlete. You're not going to make it. because those guys are cream at the top of the butter churn, you know.",26,unidentified frequent commenter,public
Comment 3,429,Juandiego Wade,"Mayor, City Council",06:15:40,22540,22544,"Thank you. I'm not through. Well, I'm sorry, but the three minutes is up. Who else?",4,Juandiego Wade,council
Comment 3,430,SPEAKER_22,NA,06:15:45,22545,22547,Three minutes? Here I am limited to three minutes.,2,unidentified frequent commenter,public
Comment 3,432,SPEAKER_03,NA,06:16:03,22563,22588,"Yeah, when we keep talking about the different ideas, like having a designated camping area, I think that's like a fine and well and good idea and it does not put us any closer to this ordinance being okay. It would still be equally as fucked up. And like, I've lived on the street at multiple points in my life. and I don't want to go live where everybody else can see me. That's scary. I've had too many people start touching me in my sleep to want to live where a bunch of other people are right there and I don't think that's an appropriate ask and I don't understand who the hell you think you are or who the hell the cops think they are to be like, oh this is your little field and that's the only field you can be in and then try to call that humanity because that's not humanity, that's fucked up.",6,unidentified,public
Comment 3,433,Juandiego Wade,"Mayor, City Council",06:16:46,22606,22607,"Yes, sir. Ma'am, did you want to speak or are you just holding up the sign?",2,Juandiego Wade,council
Comment 3,434,SPEAKER_55,NA,06:17:02,22622,22720,"Hi, my name's Aiden Workman. I do work for Impact. I'm not speaking on behalf of Impact. I just want to say two quick things in response to some things that y'all said and that the Downtown Business Association said. A couple of y'all mentioned that the Fifeville neighborhood does not want a homeless shelter. I live in Fifeville. I would love to have a homeless shelter near me. I live in walking distance of the shelter. I think it's needed. I just wanted to state for the record that the whole community is not against it. Main thing I wanted to say is I also have a young daughter. We go to the downtown mall all the time. I have never felt unsafe because homeless people are there. I don't think that's why people don't shop at businesses downtown. What is very frustrating as a parent of young children is that it's very hard to find a bathroom when my daughter needs a change of her diaper. There's not a lot of public seating. And I think a lot of these are decisions that are made out of wanting to make it harder for homeless people to exist on the downtown mall. Rather, those decisions are made by the city or business owners. We're making life worse for everyone because we want to make it worse for some specific people. So I don't know if the woman who spoke for the business association is still here, but if the business association really is so worried about this decline in people coming to the downtown mall, we might want to figure out making it more accessible for everyone. And if that means that a homeless person might sleep on a bench by your business, that's OK. Because the main reason I'm not there as often as I would like to be is it's very hard to be there with a little kid because we've tried to make it hard for homeless people. That makes it hard for other people.",25,Aiden Workman,public
Comment 3,435,Juandiego Wade,"Mayor, City Council",06:18:44,22724,22736,"So before we move back around, is there anyone else? Would anyone else like to speak? Yes, ma'am, in the back row, and then Latisha? Latricia, I'm sorry.",5,Juandiego Wade,council
Comment 3,436,SPEAKER_53,NA,06:19:00,22740,22813,"Hi, my name is Jacqueline Kim. I'm a resident in Pantops and an employee in the city. I'm going to start by reading a statement from someone who wasn't able to join us today. And I realize that the ordinance has already been struck, but I'd still like to read it anyways. They say, experiencing homelessness is not a criminal offense. What is criminal is enforcing an ordinance that criminalizes our most vulnerable neighbors during one of the most horrific experiences of their life. To make a decision that enforces this ordinance, plays into the right-wing handbook that we are witnessing taking place in DC, and further punishes those from merely existing. Humans deserve housing, not threats of criminalization, and humans deserve to receive care without conditions. I'd also like to add my voice to the course of folks who are supporting 10th and Page and West Haven residents in their campaign against the massive student housing development proposed on West Main. If you haven't had a chance to watch that bar meeting that happened a couple weeks ago, I'd really encourage you to. There's some really compelling testimony from committee members and residents. That was really moving, in fact, for the members of BAR themselves. You will see members there get emotional hearing the testimony from community members and how that development would impact their lives and their community. Thank you.",14,Jacqueline Kim,public
Comment 3,438,Juandiego Wade,"Mayor, City Council",06:23:51,23031,23037,"Before we double up, I mean, go back around. Would anyone else like to speak? No, John.",3,Juandiego Wade,council
Comment 3,439,Rosia Parker,NA,06:23:58,23038,23038,"No, I'm going to.",1,Rosia Parker,public
Comment 3,440,Juandiego Wade,"Mayor, City Council",06:24:00,23040,23057,"No, John. I've got to make this natural. No, Mr. Hall, please sit down, sir. I really do. Mr. Hall. I've got to get a head start here. No. Head start. So does anyone else like to speak? If not, I'm going to go with Jeff first, and then Wendy, and then Jessica, OK? Mr. Fokker.",11,Juandiego Wade,council
Comment 3,441,Jeff Fogel,NA,06:24:20,23060,23213,"15 years ago, the Downtown Business Association came to the city council and said, we have got to prohibit panhandling on the downtown mall because we're dying. Nobody will come here because they don't want to see these undesirable people. And the city went along with it. At least we had a city attorney who had the consciousness to say to the city council, that's wrong. And it's probably unconstitutional. It violates people's rights. But a compromise was made, and the compromise was, let's limit the ability to beg on the downtown mall. I litigated that case, as some of you know, for four years, till we got the Court of Appeals and the Fourth Circuit to say, you all and your predecessors violated the First Amendment rights of every single poor person on the downtown mall who was homeless. Now in the ensuing 15 years, have we seen the death of the downtown mall? Well you're all buying into what the business community is saying to you. We can't live like this. People won't come here. They've been coming here the last 15 years even though we were able to beat back a retrograde city council who thought property over people was important. Now under no circumstances, by the way Mr. Mayor, this is not a complicated issue. What's before you tonight is a very simple issue. The simple issue is, are you going to characterize people who are homeless as criminals? That's the only issue. Instead, we're wasting our time, our energy. Wonderful, creative people are here. This time could have been spent discussing what the community believes could be done about the problem. But no, we're talking about, well, should we bust them? How badly should we bust them? Should it be a fourth degree offense or a third? That's all bullshit, excuse me. That's all bullshit. The bottom line here is a simple matter of humanity. And I urge any of you who think otherwise to simply read the dissenting opinion of Justice Sotomayor. As she started out, Sleep is a biological imperative. It's not a crime. And you people don't even think about bringing this back. I don't care if there's a homeless shelter here. We're not going to make people criminal just because they don't have a house. And if you want to do that, you're criminals.",34,Jeff Fogel,public
Comment 3,442,Juandiego Wade,"Mayor, City Council",06:27:05,23225,23225,"Mr. Hall, please have a seat.",1,Juandiego Wade,council
Comment 3,443,SPEAKER_05,NA,06:27:07,23227,23388,"My name is Wendy. I'm a community organizer at the Public Housing Association of Residence. I will be speaking on behalf of myself and only myself tonight. I'm also a UVA alum who chose to remain in Charlottesville. I'm going to respond to some things that have come up in this meeting. I first want to respond to this idea that any increase in housing supply is a helpful increase. If you are wealthy, you can find an apartment or a place to live in Charlottesville pretty easily. There is not a lack in general housing supply. The housing crisis is in deeply affordable housing that people can actually afford. Building more student housing does not house more black and brown people. It does not make housing more affordable because it doesn't increase the supply that needs to be increased. It just displaces more black and brown folks from where they were previously living because now a gigantic student apartment is in their backyard. but also students want affordable housing too. It is not a lack of student housing that is pushing students to rent single families homes. It is the gross frankly appalling excess of luxury student housing on West Main that many UVA students cannot even afford that is pushing them into historically black neighborhoods like Grady Avenue and Gordon Avenue. We need to build student housing somewhere else far away from West Main and historically black neighborhoods like on JPA or the literal swaths of land owned by the UVA Foundation and stopped supporting huge multi-billion dollar apartments bought by out-of-time developers who know nothing about this city trying to dispossess and displace more black folks. There was a statement that students are themselves transient as individuals, but as a whole, they are a permanent fixture in Charlottesville. Students who attend an institution that does not pay taxes to this city should not be City Council's priority. I think the more important population here is the black and brown long-term residents of Charlottesville, many of whom can trace their lineage to the enslaved laborers who built the very plantation institution that students attend today. Black people, low income people, unhoused people are the stable population in this city who are the constituents who pay taxes, elect you into office, whose neighborhoods and homes are being destroyed and gentrified by UVA students. Those are the people you should be accountable to. Second to last thing I'll say, we should and can house everyone in this city. Every year the point in time count shows that there are around 200 unhoused people in Charlottesville from year to year. Across Charlottesville, we probably have that many or close to that many empty apartment units. There is not a crisis in the supply of housing. There is a crisis in deeply affordable housing. We just need to be willing to prioritize it. Last thing I will say, it is public information that at least half of the board of directors of the Friends of Downtown Charlottesville, who notoriously are anti-unhoused people, as we saw tonight, were top donors to the campaigns of some councilors sitting up here tonight, so we know exactly who has been bought and we know exactly where this anti-camping ordinance came from.",30,Wendy (surname not given),public
Comment 3,444,SPEAKER_34,NA,06:29:51,23391,23391,The work group that worked on the ordinance was really strange and,1,Jessica Jackson,public
